[
  {
    "signatures": [
      {
        "signature": "sha256:79a52d3d8183cd6f4782b401c20f4ab9ef568bdd1e6e07a1f9c780f27679214c",
        "filename": "ModTweaker 2-0.7.5.jar"
      },
      {
        "signature": "sha256:83d743618f931726efcbc0244d63467c5563db1ddbc99aa80b23cb4b995adbd5",
        "filename": "magicalcrops-1.7.10_0.1.jar"
      },
      {
        "signature": "sha256:c8e7533719d3e6b769fdadb08f7dacdd56dcc555c882db80a99107c49c1740ed",
        "filename": "Ruins-1.7.10.jar"
      },
      {
        "signature": "sha256:482561fbf3ad041b6e0e023745f4a4cf2f8002c9f3d7a033ff3cd441a1659aac",
        "filename": "GardenStuff-1.7.10-1.5.6.jar"
      },
      {
        "signature": "sha256:7c8baf8c534597322c5f69b0485e199d24368d386c4da404dad1df4ed084af2d",
        "filename": "Automagy-1.7.10-0.22.1.jar"
      },
      {
        "signature": "sha256:16df756d09bc7ae68fd5e9f9d7f40cd086a08d987c6e326fdef513b47d26fdd4",
        "filename": "MobProperties-1.7.10-0.3.4.jar"
      },
      {
        "signature": "sha256:9bf5f1509c3c7fb5147caf6b2adecb76ac08252092075aa6177cc30e2bba5907",
        "filename": "supercraftingframe-1.7.10.3.jar"
      },
      {
        "signature": "sha256:8a6a8a6f77c1a4fc1769bf4370c5a7cdd745593b951657843ffdcdf20ff90c0c",
        "filename": "Jabba-1.2.1a_1.7.10.jar"
      },
      {
        "signature": "sha256:3f2c2fbc504f296fba7dd02f8e0eeb16f24a8fa039f90120e4d5066a968be125",
        "filename": "appliedenergistics2-rv2-beta-14.jar"
      },
      {
        "signature": "sha256:5fa3cbbb9df4cb285f314b2379aa2e2945f1d7312e414dfa9ed470e69bb1d1ca",
        "filename": "WitchingGadgets-1.7.10-1.1.3.jar"
      },
      {
        "signature": "sha256:f0d730633f3c13f5a519a5427df54ff99b5a80564889f3771382c2c2e19579db",
        "filename": "buildcraft-6.4.7.jar"
      },
      {
        "signature": "sha256:3dba9786966974701578a658d1bb369bf35bdf5f363079f5ac9c4910a39113be",
        "filename": "Thaumcraft-1.7.10-4.2.3.5.jar"
      },
      {
        "signature": "sha256:cc7de60f67a2269e21002b9a83bf6ac18dce5475cf0b4accb5acce6b72a55164",
        "filename": "GraveStone-2.11.3.jar"
      },
      {
        "signature": "sha256:6a009859c63103490b3741e54aeb87aba1e77253bde710140fa1585dc6f2434d",
        "filename": "CodeChickenCore-1.7.10-1.0.4.29-universal.jar"
      },
      {
        "signature": "sha256:ff062152908e45fcd5351148f6ba48c144918a7fb362beaed15b1938414d1642",
        "filename": "BiblioWoods[ExtraBiomesXL][v1.4].jar"
      },
      {
        "signature": "sha256:22d9080aa9a7e4a2d4728e80e4bd8ed37bd80fc6db2df42467dd924d1ab8c3af",
        "filename": "Bagginses-2.0.2.jar"
      },
      {
        "signature": "sha256:8a18aeb803314c6e14295be0f383926c76317b469dae9ede8f3b92c162eb3357",
        "filename": "magicbees-1.7.10-2.1.22.jar"
      },
      {
        "signature": "sha256:9620a7a18f61a076bb57b8876f19e48eb3d23a96925918f93ef2ad82157bdb32",
        "filename": "BiblioCraft[v1.10.2][MC1.7.10].jar"
      },
      {
        "signature": "sha256:fff8759e93c1ea71d0fde7a9fa2884346cde4147771a657cff243bfc70a86f76",
        "filename": "IguanaTinkerTweaks-1.7.10-2.1.4.jar"
      },
      {
        "signature": "sha256:c9d07a2c3b95247e66f750a31b02334400033219d0e96dd36ff4c6efde38b358",
        "filename": "INpureCore-[1.7.10]1.0.0B9-54.jar"
      },
      {
        "signature": "sha256:1ba63ee1756e2f38cb1ebdef2b9a7615d50aabdaa24c2ad5bff5389ff0db6c3f",
        "filename": "AgriCraft-1.7.10-1.3.1.jar"
      },
      {
        "signature": "sha256:4be593a37556e29e80c1d94de20b4c0628ac21e986dd3034caae1be9025feef3",
        "filename": "ExtraTiC-1.7.10-1.0.3.jar"
      },
      {
        "signature": "sha256:c5f93519168f95e78bceaafbc8cd5a9a083e0d70d5ece07289f32941a6295017",
        "filename": "natura-1.7.10-2.2.0.1.jar"
      },
      {
        "signature": "sha256:9ccd59de718ed1026e378049e946202e6f8bf73a2d950246b0f23184182c4738",
        "filename": "MineTweaker3-1.7.10-3.0.9C.jar"
      },
      {
        "signature": "sha256:30e147f327fed2f80f43422a1c0dd004c840104c3c6f74d00a3a9ee9bc740877",
        "filename": "Mekanism-1.7.10-7.1.2.185.jar"
      },
      {
        "signature": "sha256:743f07d0f415cd0e45b142354fe7a3f8117247ece94c87cbc7024d0b1bcc2557",
        "filename": "Yampst-Regrowth-0.7.0.jar"
      },
      {
        "signature": "sha256:d330a77e558e5ce173fb7aa2d772985b1942d5c6753e931aa2825d75de93f92c",
        "filename": "ttCore-MC1.7.10-0.1.0-66.jar"
      },
      {
        "signature": "sha256:4d678cedb07f6855ea3a929088c105d4f60d3f4943027523789f7bffcc9c3651",
        "filename": "HQM-The Journey (4.2.2).jar"
      },
      {
        "signature": "sha256:574ec3cbf42d6001b8153c87458d2ea881df2321853dc3915845cd18c1a74ebf",
        "filename": "Enchiridion-1.7.X-1.2b.jar"
      },
      {
        "signature": "sha256:eec96c6b72696fde2d65bec50527f925fe3ef7ec9c730e8228ef67f741242df7",
        "filename": "binnie-mods-2.0-pre8.jar"
      },
      {
        "signature": "sha256:bd92c79783457692a8d2ce90808d228b64af5d77d852abef49f77dd8ac4c2cdf",
        "filename": "BloodMagic-1.7.10-1.3.1-7.jar"
      },
      {
        "signature": "sha256:24febebd898f5d27181529f88210c57a0fa5c3ffa5f55678345431c623d82d27",
        "filename": "Carpenter\u0027s Blocks v3.3.5 - MC 1.7.10.jar"
      },
      {
        "signature": "sha256:02132194cc650d927f0e77169005edc2e737c3b082f6855fec0572ccccbda54e",
        "filename": "NotEnoughItems-1.7.10-1.0.4.83-universal.jar"
      },
      {
        "signature": "sha256:5fca136503f86ecc6cb61fbd17b137d59e56b45c7a5494e6b8fd3cabd4697fbd",
        "filename": "commons-compress-1.8.1.jar"
      },
      {
        "signature": "sha256:ba9d98995155bedf7116cb3d8d46a72c5c8bdc490e9856867d5b1b8756ec8e91",
        "filename": "CoFHCore-[1.7.10]3.0.0B9-99.jar"
      },
      {
        "signature": "sha256:05ae8f11b8f9012ebebbf179227b010829739c6284e30da5dd3db220ee682f8a",
        "filename": "Baubles-1.7.10-1.0.1.10.jar"
      },
      {
        "signature": "sha256:8441378f467c67487a8499771061ba8d91751d3cdf65276da6413c0ccb1b7cfd",
        "filename": "CodeChickenLib-1.7.10-1.1.3.127-universal.jar"
      },
      {
        "signature": "sha256:c5e7c29bd9bec8f606ba6fa224ef0285e3c6fa24770c0b5116e15086cac0eef3",
        "filename": "Mantle-1.7.10-0.3.2.jar"
      },
      {
        "signature": "sha256:2c6e095be70730355b0d3be7b23c1b7886692b669205cafcbd7c66b7ed3c7b50",
        "filename": "Mariculture-Deluxe-1.7.10-1.2.4.1a.jar"
      },
      {
        "signature": "sha256:8ce04b2fd581d8e1fc98cdae10051a1b186bd92cc1200bab164a0835d3ddf409",
        "filename": "TravellersGear-1.7.10-1.15.6.jar"
      },
      {
        "signature": "sha256:02d41c54ac267eb1c234ae64a5bb56536cedd46b38c833f5afdc76ce1fa9d94c",
        "filename": "witchery-1.7.10-0.23.2.jar"
      },
      {
        "signature": "sha256:0f34cb457dcd94ec386c34a77d4c2f86f111041cda416bf5297aaa70544bca91",
        "filename": "ThaumicExploration-1.7.10-1.1-36.jar"
      },
      {
        "signature": "sha256:a16a3a1ee0172f2371e2c61ffe92edb31c518680f803e080413333e631dfbc06",
        "filename": "thaumcraftneiplugin-1.7.10-1.7.jar"
      },
      {
        "signature": "sha256:a516d1509ea509a98aa267429fa74f4b73a65ecc0fedf1d8620dad4498db1fce",
        "filename": "forge-1.7.10-10.13.2.1291-universal.jar"
      },
      {
        "signature": "sha256:d5c8842f9332d49d18d7d6f6b7b395d106fce08b2aec0ad5133c618463fba21b",
        "filename": "Forbidden Magic-1.7.10-0.562.jar"
      },
      {
        "signature": "sha256:3013b4582aec6b3eaf612a9d9f804dcbfa3386c45142b7482f970d170ba9c092",
        "filename": "MekanismGenerators-1.7.10-7.1.2.185.jar"
      },
      {
        "signature": "sha256:8fc4fa61a610b20d15e39045261052119c4ad9f69f86b99267195ae1730f5adf",
        "filename": "Enchiridion 2-1.7.10-2.0f-63.jar"
      },
      {
        "signature": "sha256:c563d8ef72c76bc4f50025ac39814a35de4f74d88c48311c1657a725eb0fd670",
        "filename": "Railcraft_1.7.10-9.5.0.0.jar"
      },
      {
        "signature": "sha256:5d9132fe0a9c8513ea5b34ef724cd4273f62a73fc994c2cdd521f4482607fff4",
        "filename": "ForgeMultipart-1.7.10-1.1.1.323-universal.jar"
      },
      {
        "signature": "sha256:512053acf6baa6b6e3dca1b1c52c2f90ae821b3e1101ba58572136720e66cd81",
        "filename": "ChiselFacades-1.7.10-2.10-cricket.jar"
      },
      {
        "signature": "sha256:4789c4985c1a23fde1fbc5a2d270d21a29195f7977e4b050196a38bc0ac20b48",
        "filename": "TConstruct-1.7.10-1.8.3b.jar"
      },
      {
        "signature": "sha256:5a0658892383fb6d5acfe7cbec92f235ac90ceedf060e3f22d2447abeb5eac78",
        "filename": "ClimateControl-0.4.beta17.jar"
      },
      {
        "signature": "sha256:a4d8fdf3db4aaa5db78460284da40e15563a646a83e75e0c64d52e924defb4a2",
        "filename": "Chisel2-2.3.9.36.jar"
      },
      {
        "signature": "sha256:b066217b0772f7cc6a5530606ffb6d4ff29a09286e1dd181b7a10c4934b6bf7d",
        "filename": "Botania r1.6-174.jar"
      },
      {
        "signature": "sha256:8772f727448b8c68785331ae051cb5d80ac6ade14b36646eed101f621356b1b1",
        "filename": "OpenEye-0.6-1.7.10.jar"
      },
      {
        "signature": "sha256:e866ca3e20def8f6a100feafaa1fbbe340ade156e8f5f4620fd831d3437f7613",
        "filename": "StorageDrawers-1.7.10-1.3.6.jar"
      },
      {
        "signature": "sha256:6ec0c7f5c30122beba78754034b2d6ccb8bb67b49ebfbdf2cd9579bb07cf52d7",
        "filename": "forestry_1.7.10-3.4.0.7.jar"
      },
      {
        "signature": "sha256:15ac1555406d6a97424129408c26a52ecb72649d404d35f1d2263a7f28a81f99",
        "filename": "CreeperCollateral-[1.7.10]1.0.0B3-6.jar"
      },
      {
        "signature": "sha256:d586d6ae509752d2447f378963f40d7f3253466836c46b5e743a5e0ec35340a0",
        "filename": "EnhancedInventories-1.7.10-1.0.11.jar"
      },
      {
        "signature": "sha256:9f0896d38993696f5e0299652753c5ff57996f9d738870bb8b08deccbff64595",
        "filename": "buildcraft-compat-6.4.2.jar"
      },
      {
        "signature": "sha256:8441378f467c67487a8499771061ba8d91751d3cdf65276da6413c0ccb1b7cfd",
        "filename": "CodeChickenLib-1.7.10-1.1.3.127-universal.jar"
      },
      {
        "signature": "sha256:c00fa1f72440f8ec8f893790f64c9cd1e93dd5f09672f19b5dc8fcfdbfbeab20",
        "filename": "BiblioWoods[Forestry][v1.7].jar"
      },
      {
        "signature": "sha256:73fbc4a16f125e4f9919c7a104a003efaa5928407fac224bb7e3d416a105f5b7",
        "filename": "neiaddons-mc1710-1.12.5.17.jar"
      },
      {
        "signature": "sha256:6573170ac0ea3ed1eecc049943243948fa1b56ccf94218cc382b181ef0918f27",
        "filename": "StevesBarrenLands.jar"
      },
      {
        "signature": "sha256:babaea65d105a00a94d443f19dea750a711cd30dce3da5717b53ddaac7b38168",
        "filename": "NetherOres-[1.7.10]2.3.0RC4-9.jar"
      },
      {
        "signature": "sha256:40d15125863944059941271fc57dcb5cddd84e31263dcc83a32910aa94b60ebd",
        "filename": "Quadrum-1.7.10-1.2.0.B13-universal.jar"
      },
      {
        "signature": "sha256:21d3075731d25958b7d2d234f08178c5c600c8353ed5fbc99a43040a879c745e",
        "filename": "extrabiomesxl_1.7.10-3.16.1.jar"
      },
      {
        "signature": "sha256:db296248614f74effc1b256d277de6d03acbbf7468c827e9a1785a51b684d599",
        "filename": "EnderZoo-1.7.10-1.0.9.18.jar"
      },
      {
        "signature": "sha256:44423d7c43bde9274e1dbc1b00d6bd14ec7cb2572326eeefa9c6dd6fab47930b",
        "filename": "Waila-1.5.10_1.7.10.jar"
      },
      {
        "signature": "sha256:ad19d2601c3abf0b946b5c3a4113e226a8c1e3305e395b90013b78dd94a723ce",
        "filename": "commons-codec-1.9.jar"
      }
    ],
    "addedSignatures": [
      "sha256:c5e7c29bd9bec8f606ba6fa224ef0285e3c6fa24770c0b5116e15086cac0eef3",
      "sha256:4be593a37556e29e80c1d94de20b4c0628ac21e986dd3034caae1be9025feef3",
      "sha256:6a009859c63103490b3741e54aeb87aba1e77253bde710140fa1585dc6f2434d",
      "sha256:b066217b0772f7cc6a5530606ffb6d4ff29a09286e1dd181b7a10c4934b6bf7d",
      "sha256:d586d6ae509752d2447f378963f40d7f3253466836c46b5e743a5e0ec35340a0",
      "sha256:6573170ac0ea3ed1eecc049943243948fa1b56ccf94218cc382b181ef0918f27",
      "sha256:5d9132fe0a9c8513ea5b34ef724cd4273f62a73fc994c2cdd521f4482607fff4",
      "sha256:ad19d2601c3abf0b946b5c3a4113e226a8c1e3305e395b90013b78dd94a723ce",
      "sha256:8fc4fa61a610b20d15e39045261052119c4ad9f69f86b99267195ae1730f5adf",
      "sha256:7c8baf8c534597322c5f69b0485e199d24368d386c4da404dad1df4ed084af2d",
      "sha256:8a18aeb803314c6e14295be0f383926c76317b469dae9ede8f3b92c162eb3357",
      "sha256:c563d8ef72c76bc4f50025ac39814a35de4f74d88c48311c1657a725eb0fd670",
      "sha256:cc7de60f67a2269e21002b9a83bf6ac18dce5475cf0b4accb5acce6b72a55164",
      "sha256:3013b4582aec6b3eaf612a9d9f804dcbfa3386c45142b7482f970d170ba9c092",
      "sha256:d5c8842f9332d49d18d7d6f6b7b395d106fce08b2aec0ad5133c618463fba21b",
      "sha256:ba9d98995155bedf7116cb3d8d46a72c5c8bdc490e9856867d5b1b8756ec8e91",
      "sha256:fff8759e93c1ea71d0fde7a9fa2884346cde4147771a657cff243bfc70a86f76",
      "sha256:24febebd898f5d27181529f88210c57a0fa5c3ffa5f55678345431c623d82d27",
      "sha256:5fca136503f86ecc6cb61fbd17b137d59e56b45c7a5494e6b8fd3cabd4697fbd",
      "sha256:c5f93519168f95e78bceaafbc8cd5a9a083e0d70d5ece07289f32941a6295017",
      "sha256:d330a77e558e5ce173fb7aa2d772985b1942d5c6753e931aa2825d75de93f92c",
      "sha256:c9d07a2c3b95247e66f750a31b02334400033219d0e96dd36ff4c6efde38b358",
      "sha256:2c6e095be70730355b0d3be7b23c1b7886692b669205cafcbd7c66b7ed3c7b50",
      "sha256:c8e7533719d3e6b769fdadb08f7dacdd56dcc555c882db80a99107c49c1740ed",
      "sha256:30e147f327fed2f80f43422a1c0dd004c840104c3c6f74d00a3a9ee9bc740877",
      "sha256:a4d8fdf3db4aaa5db78460284da40e15563a646a83e75e0c64d52e924defb4a2",
      "sha256:0f34cb457dcd94ec386c34a77d4c2f86f111041cda416bf5297aaa70544bca91",
      "sha256:4789c4985c1a23fde1fbc5a2d270d21a29195f7977e4b050196a38bc0ac20b48",
      "sha256:eec96c6b72696fde2d65bec50527f925fe3ef7ec9c730e8228ef67f741242df7",
      "sha256:8772f727448b8c68785331ae051cb5d80ac6ade14b36646eed101f621356b1b1",
      "sha256:e866ca3e20def8f6a100feafaa1fbbe340ade156e8f5f4620fd831d3437f7613",
      "sha256:9ccd59de718ed1026e378049e946202e6f8bf73a2d950246b0f23184182c4738",
      "sha256:3dba9786966974701578a658d1bb369bf35bdf5f363079f5ac9c4910a39113be",
      "sha256:4d678cedb07f6855ea3a929088c105d4f60d3f4943027523789f7bffcc9c3651",
      "sha256:9620a7a18f61a076bb57b8876f19e48eb3d23a96925918f93ef2ad82157bdb32",
      "sha256:9bf5f1509c3c7fb5147caf6b2adecb76ac08252092075aa6177cc30e2bba5907",
      "sha256:a16a3a1ee0172f2371e2c61ffe92edb31c518680f803e080413333e631dfbc06",
      "sha256:f0d730633f3c13f5a519a5427df54ff99b5a80564889f3771382c2c2e19579db",
      "sha256:73fbc4a16f125e4f9919c7a104a003efaa5928407fac224bb7e3d416a105f5b7",
      "sha256:44423d7c43bde9274e1dbc1b00d6bd14ec7cb2572326eeefa9c6dd6fab47930b",
      "sha256:8a6a8a6f77c1a4fc1769bf4370c5a7cdd745593b951657843ffdcdf20ff90c0c",
      "sha256:5a0658892383fb6d5acfe7cbec92f235ac90ceedf060e3f22d2447abeb5eac78",
      "sha256:9f0896d38993696f5e0299652753c5ff57996f9d738870bb8b08deccbff64595",
      "sha256:482561fbf3ad041b6e0e023745f4a4cf2f8002c9f3d7a033ff3cd441a1659aac",
      "sha256:79a52d3d8183cd6f4782b401c20f4ab9ef568bdd1e6e07a1f9c780f27679214c",
      "sha256:ff062152908e45fcd5351148f6ba48c144918a7fb362beaed15b1938414d1642",
      "sha256:743f07d0f415cd0e45b142354fe7a3f8117247ece94c87cbc7024d0b1bcc2557",
      "sha256:babaea65d105a00a94d443f19dea750a711cd30dce3da5717b53ddaac7b38168",
      "sha256:22d9080aa9a7e4a2d4728e80e4bd8ed37bd80fc6db2df42467dd924d1ab8c3af",
      "sha256:02d41c54ac267eb1c234ae64a5bb56536cedd46b38c833f5afdc76ce1fa9d94c",
      "sha256:15ac1555406d6a97424129408c26a52ecb72649d404d35f1d2263a7f28a81f99",
      "sha256:574ec3cbf42d6001b8153c87458d2ea881df2321853dc3915845cd18c1a74ebf",
      "sha256:83d743618f931726efcbc0244d63467c5563db1ddbc99aa80b23cb4b995adbd5",
      "sha256:c00fa1f72440f8ec8f893790f64c9cd1e93dd5f09672f19b5dc8fcfdbfbeab20",
      "sha256:5fa3cbbb9df4cb285f314b2379aa2e2945f1d7312e414dfa9ed470e69bb1d1ca",
      "sha256:8ce04b2fd581d8e1fc98cdae10051a1b186bd92cc1200bab164a0835d3ddf409",
      "sha256:21d3075731d25958b7d2d234f08178c5c600c8353ed5fbc99a43040a879c745e",
      "sha256:512053acf6baa6b6e3dca1b1c52c2f90ae821b3e1101ba58572136720e66cd81",
      "sha256:05ae8f11b8f9012ebebbf179227b010829739c6284e30da5dd3db220ee682f8a",
      "sha256:3f2c2fbc504f296fba7dd02f8e0eeb16f24a8fa039f90120e4d5066a968be125",
      "sha256:02132194cc650d927f0e77169005edc2e737c3b082f6855fec0572ccccbda54e",
      "sha256:16df756d09bc7ae68fd5e9f9d7f40cd086a08d987c6e326fdef513b47d26fdd4",
      "sha256:db296248614f74effc1b256d277de6d03acbbf7468c827e9a1785a51b684d599",
      "sha256:bd92c79783457692a8d2ce90808d228b64af5d77d852abef49f77dd8ac4c2cdf",
      "sha256:8441378f467c67487a8499771061ba8d91751d3cdf65276da6413c0ccb1b7cfd",
      "sha256:6ec0c7f5c30122beba78754034b2d6ccb8bb67b49ebfbdf2cd9579bb07cf52d7",
      "sha256:a516d1509ea509a98aa267429fa74f4b73a65ecc0fedf1d8620dad4498db1fce",
      "sha256:40d15125863944059941271fc57dcb5cddd84e31263dcc83a32910aa94b60ebd",
      "sha256:1ba63ee1756e2f38cb1ebdef2b9a7615d50aabdaa24c2ad5bff5389ff0db6c3f"
    ],
    "removedSignatures": [],
    "workTime": 3271829.8,
    "language": "n/a",
    "locale": "en_US",
    "timezone": "Etc/UTC",
    "branding": [
      "Minecraft 1.7.10",
      "MCP v9.05",
      "FML v7.10.85.1291",
      "Minecraft Forge 10.13.2.1291",
      "91 mods loaded, 91 mods active"
    ],
    "runtime": {
      "mcp": "MCP v9.05",
      "fml": "7.10.85.1291",
      "forge": "10.13.2.1291"
    },
    "minecraft": "Minecraft 1.7.10",
    "javaVersion": "Oracle Corporation 1.8.0_45",
    "side": "server",
    "obfuscated": true,
    "type": "analytics"
  }
]